sr.no,A,B
0,484.891555,-31.00635705
1,489.3911782,21.97391563
2,462.8865749,-27.59988885
3,517.2184791,5.588089596
4,455.6690486,1.982180847
5,455.7422055,-25.12680127
6,476.7753355,-65.41434818
7,417.6209433,-21.74646679
8,438.8158414,7.686687219
9,441.7726419,-40.97385128
10,512.7757162,-2.243276157
11,470.6052963,-35.07904282
12,452.0014823,14.12298348
13,433.5369972,25.19653883
14,449.7618216,8.303344165
15,449.4243101,75.74920296
16,466.7454785,-8.425750731
17,491.4820026,-10.19711706
18,472.7072101,-29.24152367
19,426.2117692,38.57245386
20,487.8078129,40.92322798
21,461.7612644,29.86203447
22,420.4323996,20.41006502
23,450.5067092,76.82646135
24,474.152719,-4.673972141
25,473.0654912,39.76611418
26,442.5146376,72.76701102
27,493.2121529,85.44993306
28,436.5460768,51.32651054
29,471.0815283,92.95701111
30,446.1700316,61.20496473
31,426.737477,33.96879153
32,483.6662268,113.6185052
33,456.4737581,106.1095419
34,468.8074617,59.71802806
35,468.1053046,128.2764775
36,455.4744743,132.134023
37,377.2235133,112.9065736
38,457.6747103,82.32939488
39,457.0444039,34.71787614
40,446.9105872,108.09874
41,497.0276408,84.8726466
42,427.6070311,88.39828335
43,478.4758993,116.338501
44,434.2540367,124.893576
45,452.173221,141.568981
46,427.294433,105.688219
47,435.6690278,74.61534234
48,455.3732791,129.349293
49,445.6816618,117.4708832
50,402.0869502,114.8739001
51,433.267717,106.4034868
52,437.6929662,145.5655405
53,498.080845,141.6471066
54,448.1668962,137.1355826
55,381.8037924,141.5260453
56,440.0818497,219.1644235
57,431.3936423,157.2523596
58,434.9942031,116.0773422
59,469.1729274,176.6202673
60,457.4535351,129.6979792
61,474.6224327,117.8340159
62,448.9420827,228.5056649
63,400.3998339,148.6979015
64,431.8668538,153.4696757
65,381.1006834,173.5101071
66,394.4766823,188.5323103
67,397.4702583,223.6858226
68,400.2446135,170.3810187
69,446.8190428,145.9637163
70,427.8907777,224.9423055
71,371.4781287,194.0968991
72,426.1170022,214.8338017
73,379.8121907,154.5779097
74,431.1615091,205.9047901
75,421.5830099,210.1833766
76,392.214914,209.54315
77,419.9377874,183.9214235
78,465.6313904,222.3340895
79,372.4142351,230.5734453
80,377.3907773,237.237601
81,439.8497447,191.7432012
82,432.4366345,231.4759805
83,426.6235134,278.7153903
84,393.00937,201.9086229
85,372.0778952,202.7454583
86,394.8256646,240.1432306
87,403.7979649,257.4028125
88,394.2290248,278.8616145
89,384.2242578,319.5184725
90,409.2423116,214.8458994
91,356.6372451,257.6713458
92,380.3353332,267.2429501
93,399.4950783,246.2529409
94,358.1364756,205.5962722
95,368.3708503,279.3264384
96,386.398867,218.8438994
97,383.3650531,270.3458731
98,349.8313591,265.956993
99,376.2547587,229.6035172
100,383.3875637,283.2519459
101,403.2750297,300.5665531
102,327.5671387,243.3300196
103,382.4462573,289.3787274
104,380.5289368,392.0354715
105,380.2709314,312.9967758
106,389.8154582,300.9356278
107,349.7730734,306.6147573
108,334.0667737,279.1805228
109,340.695715,291.1682191
110,422.6862604,235.1083708
111,371.8090612,245.1465046
112,335.0230017,328.5853806
113,349.0540909,265.9605345
114,323.5964235,321.0438651
115,321.0595738,309.4996914
116,342.2380416,285.7947778
117,403.0748814,326.6839747
118,275.8733955,315.5703188
119,314.6307198,337.846553
120,308.5509429,311.1148109
121,345.3041308,342.7993087
122,291.9593493,309.0476724
123,311.5194793,301.7251079
124,376.5170178,335.7028419
125,283.4984663,353.303697
126,382.7473954,358.9421993
127,271.2455539,315.6274903
128,352.5642387,311.0964811
129,325.5881358,357.7233353
130,282.1687752,334.8419124
131,210.4283839,308.0249294
132,297.7657437,303.4373909
133,351.9782728,300.0663314
134,287.4545981,348.9777521
135,341.5310765,304.0498258
136,330.8117752,349.4879495
137,264.0827213,365.0843597
138,297.0981175,335.2399971
139,290.8060574,343.6972135
140,289.6906013,377.1154503
141,331.4261851,322.0966858
142,345.3848915,302.6327713
143,274.3762537,380.7937323
144,284.8832829,346.3965206
145,267.7214813,352.2051713
146,253.7838281,394.3852827
147,279.6629561,349.9962046
148,293.4164063,381.8729285
149,288.2784897,393.3973624
150,236.4753895,359.541651
151,281.2051599,396.4807333
152,255.589015,383.4958762
153,291.9644214,364.0191571
154,267.4546104,377.4745076
155,241.9073721,418.2612552
156,270.5854258,411.4445059
157,282.3615376,389.3941353
158,261.0192152,381.1642885
159,247.6383881,388.2596711
160,238.1654711,411.6936788
161,208.0406945,458.2688592
162,199.7281499,360.7130575
163,261.9630931,422.5132089
164,243.2443024,419.2213788
165,221.4441976,375.0440775
166,221.3666894,383.2204992
167,245.6172628,400.6801559
168,188.860147,396.9896522
169,223.2647807,391.2416034
170,183.45249,416.9687714
171,212.7009632,395.937318
172,188.4443899,419.5771538
173,156.3474001,371.8443112
174,175.4419232,409.0998475
175,203.518835,461.1813986
176,217.1089042,413.5223625
177,187.9873971,389.6267448
178,185.1726288,412.4072205
179,192.5712026,397.5965979
180,195.6232596,469.7243797
181,173.924986,437.104337
182,195.0288571,414.3091795
183,178.1759923,427.9983583
184,171.5042283,405.6870193
185,166.4221386,445.0558724
186,206.3263044,460.1144947
187,224.4850215,409.5181765
188,183.149222,439.2228368
189,219.7563643,410.6392944
190,125.9460281,418.0537769
191,84.48906763,421.3918206
192,122.4931802,442.786757
193,152.5741409,495.652054
194,167.8816753,423.1332748
195,109.4573321,456.2528431
196,93.83701862,497.4753006
197,165.8550085,429.4738829
198,76.09922395,485.1642437
199,121.0723018,482.6627475
200,73.68480505,428.5084201
201,118.6781018,448.8416902
202,102.0161193,467.0415237
203,80.48101835,444.98951
204,113.104422,465.5800079
205,127.8244141,417.274573
206,57.42756954,490.1921438
207,110.3901735,430.2362233
208,143.9199221,456.9709829
209,129.7238591,456.317135
210,153.1220531,507.7235235
211,80.78057406,484.962995
212,104.5559918,497.6082022
213,53.18767666,477.8449802
214,110.8243553,405.1961964
215,40.50579958,397.4570965
216,64.84909935,480.8167198
217,114.9257018,462.1503696
218,115.6332004,419.142215
219,12.58918411,459.4771944
220,72.12484528,460.7417601
221,-4.511733514,459.6085661
222,15.28263734,482.912474
223,62.31652998,435.1465785
224,32.801225,432.0677646
225,43.23242164,492.980142
226,12.43360989,479.9094548
227,22.98741679,441.4445279
228,32.57126875,434.5965459
229,16.05713762,430.1210139
230,88.49033403,467.4992088
231,5.436427197,473.2250526
232,19.93573565,460.5213072
233,38.60585843,490.2007398
234,1.139122231,450.5064351
235,5.674047361,399.0091696
236,-34.66042608,509.339192
237,57.01243417,461.1083689
238,21.82672175,478.1437578
239,93.76168402,502.6006116
240,-5.578260503,440.5345618
241,-53.07123052,475.4723874
242,-30.7064632,426.8488561
243,-30.55209519,437.1982962
244,36.31962859,496.2024729
245,-17.67413152,514.2404188
246,-18.25473091,444.0726502
247,21.97674226,486.1278234
248,-57.97581265,464.2799701
249,-56.2685476,428.5160081
250,-5.356245557,527.2726296
251,-78.24004716,486.8495992
252,-58.94349693,455.2974147
253,-60.33686545,443.9223716
254,-44.2497307,444.8247767
255,-40.73138656,468.137593
256,-59.15250056,442.2895575
257,-72.42529901,492.0302151
258,-43.23175161,439.8741177
259,-58.4152906,491.5549779
260,-114.6121713,485.107059
261,-87.54211553,485.6974102
262,-93.69308048,414.186501
263,-122.7518714,469.509353
264,-69.26248161,440.6514835
265,-61.02308366,417.6299066
266,-85.2879711,430.8199092
267,-105.9832757,468.2276154
268,-115.360981,454.904636
269,-62.47783251,448.7505946
270,-70.71141618,431.7626099
271,-83.00102,508.4777715
272,-176.1547263,440.8812016
273,-87.80063074,458.2345108
274,-97.08285632,445.7246147
275,-108.720889,458.672655
276,-79.38326051,470.4549229
277,-107.3834496,449.9258583
278,-135.2310685,448.7458569
279,-111.857093,448.5140909
280,-118.0814883,522.8072827
281,-103.7212492,450.1468202
282,-96.89488672,447.048191
283,-197.147291,428.3914725
284,-195.1953783,447.4129764
285,-141.5828291,507.5565558
286,-135.3868921,449.9762396
287,-123.3673311,389.4818072
288,-144.2311787,478.1892541
289,-198.702531,488.6042019
290,-147.2304706,441.0421065
291,-141.4372972,520.8116052
292,-157.995007,459.3084567
293,-180.2567947,425.5185047
294,-144.5854785,424.4643281
295,-170.3626441,434.9311711
296,-161.1486886,458.3658889
297,-147.3945925,432.1317804
298,-189.6138829,417.1267593
299,-197.837295,456.8472729
300,-164.7836013,416.8831128
301,-164.3836273,484.2182883
302,-181.0409677,498.835412
303,-219.6234482,404.1556268
304,-252.7305676,485.3217138
305,-182.6904919,437.6993887
306,-196.8681013,404.510272
307,-134.83338,441.0411067
308,-207.8558395,457.8085549
309,-199.6319994,441.6047637
310,-240.6938365,447.8666274
311,-163.4288129,472.9012048
312,-174.9963973,415.9998996
313,-255.374978,426.3423161
314,-226.9021979,461.7030584
315,-282.2271567,473.5070959
316,-239.0647743,413.5393616
317,-267.5509218,375.4072852
318,-215.3477467,425.9417513
319,-281.5884728,383.5611631
320,-255.8015638,471.1376254
321,-256.3456239,374.6083372
322,-258.7514074,410.1388113
323,-335.0982073,415.2918661
324,-263.9232858,436.389453
325,-204.3212475,447.8651753
326,-270.6421998,379.4198784
327,-188.151172,412.9221662
328,-267.7012231,408.9344025
329,-264.9342942,403.8225277
330,-290.8349231,390.2254592
331,-277.3462689,388.7891342
332,-300.4779262,406.7282574
333,-289.4609173,447.0814983
334,-364.0498021,433.1162191
335,-249.8372111,336.5616211
336,-300.1892991,385.9954899
337,-334.8126658,372.1627403
338,-328.5728675,446.4070813
339,-269.8430457,430.3106156
340,-278.9104641,356.600738
341,-318.9327814,403.4452569
342,-342.4867696,408.4291697
343,-315.6475702,374.0533254
344,-289.7128899,396.8681865
345,-324.4634595,416.5461929
346,-348.6479626,398.4541229
347,-300.993314,368.8832322
348,-311.5612492,338.8136749
349,-296.1718156,368.9614331
350,-342.1101007,404.1242196
351,-350.0828022,328.5296535
352,-378.1636461,387.0775183
353,-372.3780294,419.6390248
354,-398.9114091,415.9711972
355,-332.5992825,360.2428227
356,-357.7414628,373.1694887
357,-344.9747217,392.3302072
358,-342.8582515,361.7605829
359,-359.6203612,353.5482527
360,-341.8922735,301.9414516
361,-393.9735434,373.5191783
362,-350.7908995,343.6614576
363,-357.7398599,357.5531415
364,-376.8487231,321.7063931
365,-357.1305761,313.6193894
366,-353.0952056,289.7933782
367,-336.7917349,352.9344832
368,-362.2957973,366.1084026
369,-322.3093196,364.9154157
370,-429.7831311,293.9392561
371,-395.5712102,330.937244
372,-363.5529389,306.1959271
373,-375.721982,303.1063506
374,-401.8989247,281.3535577
375,-413.464836,280.7744467
376,-417.2444391,350.6919634
377,-418.6364791,395.7981149
378,-377.5270281,320.1019879
379,-420.2350471,333.2828493
380,-413.8968079,313.6369838
381,-321.9540225,304.7846071
382,-366.3926866,284.2474955
383,-404.0202274,356.1299528
384,-423.8645465,355.0293894
385,-385.8931323,281.4188746
386,-390.2087255,325.0934961
387,-392.5669566,246.4212392
388,-435.0606187,283.7007675
389,-417.4896243,307.3321578
390,-411.9205001,246.2247502
391,-407.8252153,302.163253
392,-404.4016919,313.817312
393,-398.1265514,292.7052089
394,-427.1824775,226.6246988
395,-414.1066527,280.1957795
396,-420.7498547,233.1623136
397,-463.2151886,300.5470771
398,-433.8405975,286.873431
399,-433.6589459,264.7853103
400,-408.198568,245.863898
401,-435.2860021,244.918093
402,-453.0109415,246.9408991
403,-435.1022857,239.2720159
404,-405.8676034,224.2034699
405,-450.9040989,235.2458765
406,-403.6298803,251.7195786
407,-417.8086838,198.6303622
408,-442.4607832,267.2495499
409,-449.6954431,269.8778087
410,-469.3576215,277.5360154
411,-386.5302972,221.7021582
412,-470.5037915,273.5102056
413,-411.3761637,211.5339661
414,-472.976618,216.0671696
415,-502.2952239,194.2520424
416,-493.6595736,196.0586257
417,-466.132424,223.3901128
418,-420.1162126,183.6744416
419,-438.6236681,204.4571717
420,-471.1420664,228.3636866
421,-504.8272739,216.8242585
422,-467.6220894,217.349077
423,-465.3931651,273.4489345
424,-494.6354616,181.0653412
425,-495.6149279,177.5272945
426,-497.4421322,227.0496115
427,-437.0874983,171.4354945
428,-506.0376469,199.8704895
429,-498.9802176,201.8776003
430,-477.6545216,134.5705408
431,-438.6278293,231.0641207
432,-504.7294544,162.6934906
433,-479.0446246,181.4869216
434,-469.1209847,228.8800815
435,-495.4243405,141.7379161
436,-532.7159468,140.8640949
437,-493.5324126,213.7262837
438,-509.2509156,163.6932414
439,-495.3809298,189.7140745
440,-420.2275835,135.2116202
441,-511.8476545,179.5307657
442,-477.8181987,200.6683799
443,-481.8490833,131.5426989
444,-482.7207396,172.6300675
445,-476.8808025,151.6279932
446,-470.5312969,168.5228825
447,-462.0843828,149.9331015
448,-509.5616149,131.8946704
449,-469.3329892,100.0004271
450,-495.4294715,109.7174704
451,-506.5699277,156.8743467
452,-502.6230537,116.9111799
453,-550.0565787,134.8972382
454,-490.7823174,174.3931947
455,-520.2471828,113.0504776
456,-504.3803286,150.7745931
457,-515.5496854,108.7913989
458,-495.2638486,102.9836365
459,-527.684589,100.1676434
460,-482.8543457,60.50415642
461,-511.8267762,67.24587406
462,-480.6978566,39.49910619
463,-534.0310918,93.45173673
464,-470.9926601,77.09911287
465,-535.2900476,132.438267
466,-562.7308692,6.967125686
467,-506.7270927,54.79336353
468,-551.1822432,88.02542744
469,-513.829604,46.76829837
470,-560.1317345,86.77660166
471,-502.7761319,54.53625357
472,-467.4231877,22.31417937
473,-569.1087272,30.5613405
474,-525.2117508,55.517416
475,-531.5629541,55.67445646
476,-562.334242,85.3183294
477,-527.6952482,72.41402029
478,-515.3720551,49.48477612
479,-508.9643323,46.09787358
480,-507.1596195,69.42315595
481,-520.9100202,47.69830516
482,-529.842466,66.5090936
483,-547.7672776,74.20907041
484,-528.9857208,-25.8690964
485,-524.2236721,-6.505951449
486,-503.1136575,-8.783413595
487,-541.9649531,-49.02281916
488,-542.3754428,-68.18636694
489,-576.5304489,24.20769945
490,-505.6267703,11.02299409
491,-558.3777626,-6.309181594
492,-529.6245435,-42.76688152
493,-484.5427873,15.16596005
494,-536.3822054,-13.48804529
495,-523.5906104,-78.68699833
496,-537.3264977,-41.03530758
497,-560.0091224,-32.14998884
498,-476.0595346,-7.633142179
499,-547.1353697,-12.82251656
500,-488.0094673,-5.402561495
501,-528.171611,-55.69112327
502,-508.9644768,-27.6196583
503,-502.986298,-23.50989367
504,-498.2666987,-61.76243589
505,-490.1229144,-42.91710319
506,-467.2586412,-72.6596937
507,-477.2895642,-49.18483559
508,-548.7433152,-72.77584226
509,-538.6237835,-48.67028137
510,-513.1211885,-81.74101298
511,-529.3100879,-3.395292006
512,-476.5066689,-57.70559569
513,-526.9267002,-70.32465847
514,-509.3754431,-107.7379336
515,-535.1968046,-130.2383796
516,-515.1737015,-63.88969895
517,-541.3012491,-39.20858954
518,-563.2142722,-133.4798265
519,-519.3237961,-61.2536677
520,-475.1359848,-109.5487074
521,-492.8702878,-100.0503994
522,-529.9668783,-75.49559315
523,-504.756186,-152.4045593
524,-479.5479598,-66.8144919
525,-542.1098531,-99.44447659
526,-508.001392,-106.5965094
527,-538.7913219,-137.6602305
528,-522.4892246,-85.42101124
529,-504.8356207,-134.8090873
530,-497.3942974,-212.2310126
531,-485.4645552,-182.0464036
532,-530.1636804,-166.5214012
533,-557.4745061,-101.1787513
534,-531.989417,-128.6765042
535,-518.6710538,-127.8241557
536,-514.2445988,-183.6844801
537,-485.9278619,-163.062196
538,-561.7607552,-164.1430702
539,-469.2687868,-128.8382913
540,-523.9603079,-167.863094
541,-522.339871,-98.11831364
542,-500.4037756,-150.5497452
543,-480.1053322,-159.312293
544,-517.9181072,-175.3860485
545,-511.4089323,-173.6262983
546,-486.5271395,-173.9597068
547,-485.4530701,-180.9422882
548,-504.130615,-241.4636554
549,-478.0384279,-174.1138429
550,-474.6077692,-274.3809212
551,-440.8979114,-194.6594937
552,-469.2860531,-224.6411926
553,-483.1120508,-228.0122392
554,-519.1534533,-141.9480195
555,-505.0874008,-195.7984754
556,-472.1729115,-190.3967035
557,-492.6519041,-197.2571093
558,-423.9330887,-212.8662473
559,-488.8552715,-182.5426445
560,-460.5567987,-181.3686937
561,-473.3766968,-254.1796951
562,-442.333424,-257.1823579
563,-481.0368597,-248.3151089
564,-490.8014632,-218.711073
565,-477.9798698,-218.7955952
566,-437.9344556,-220.7185083
567,-492.3776844,-208.2651754
568,-448.0580976,-276.8710987
569,-464.4915241,-221.8544635
570,-489.9938848,-204.4568184
571,-484.2042934,-244.7905897
572,-483.5126731,-250.9117441
573,-509.8089647,-297.3931345
574,-427.6681102,-282.4040903
575,-503.8099949,-324.3916337
576,-491.7845081,-302.2682328
577,-421.8851584,-235.0574534
578,-490.3026655,-200.5460277
579,-438.7003754,-280.6217786
580,-541.6133989,-204.8967857
581,-506.7790513,-325.7256332
582,-432.8582376,-205.8999805
583,-420.433524,-264.8943272
584,-442.5283833,-258.9182411
585,-435.9954704,-278.7840242
586,-454.0126827,-291.7864651
587,-478.1161786,-301.0075673
588,-504.6276725,-298.205781
589,-481.821696,-331.021077
590,-445.0754666,-258.8005575
591,-421.2145218,-350.3121915
592,-476.7280609,-277.5997997
593,-474.7725714,-315.1768027
594,-427.0387242,-340.0920226
595,-438.6050336,-353.6552394
596,-458.017084,-306.6226048
597,-485.9594374,-305.5721096
598,-436.9362162,-304.7705412
599,-427.7910732,-282.9684132
600,-428.8972078,-339.3105763
601,-427.1145673,-312.6535507
602,-427.4314177,-330.2470201
603,-448.05495,-353.8521764
604,-467.1556643,-283.9662245
605,-460.4601131,-359.7169625
606,-442.7476233,-314.5461589
607,-428.0796411,-306.4134185
608,-437.4562488,-337.9152561
609,-440.317033,-284.357521
610,-448.874456,-341.8317053
611,-392.2079491,-341.1140079
612,-414.7395874,-359.8114836
613,-405.8113462,-362.7029379
614,-376.1391613,-294.3402426
615,-419.6953263,-404.1000231
616,-403.5193478,-287.9515081
617,-422.8667957,-318.4928999
618,-346.2966487,-386.5843366
619,-377.4148213,-323.4216543
620,-403.7003973,-380.664315
621,-407.6049399,-407.2693548
622,-407.4465679,-415.8009175
623,-384.7453346,-404.4241818
624,-376.5398132,-430.23026
625,-371.3985779,-360.7619698
626,-438.8947788,-376.7465444
627,-339.9965831,-426.443743
628,-324.3797326,-379.7559948
629,-393.4239086,-396.157386
630,-353.226882,-394.3475114
631,-351.5037243,-426.3767665
632,-360.2619635,-443.2823213
633,-366.3427156,-430.087802
634,-382.7218309,-367.9727396
635,-325.5535743,-388.8515467
636,-388.6862456,-418.6732111
637,-317.1350498,-406.9697481
638,-281.5464404,-401.4469682
639,-342.9505214,-424.5301153
640,-342.2788538,-421.8256252
641,-322.6024203,-390.5300813
642,-364.9735741,-461.1323939
643,-394.0159677,-407.9044763
644,-369.554525,-489.664224
645,-322.3077907,-352.2052138
646,-331.6468982,-403.7424965
647,-326.4976108,-433.750182
648,-298.8561156,-441.3621792
649,-315.8708567,-424.857563
650,-341.3879534,-406.5858117
651,-324.0351444,-460.8419801
652,-300.1207675,-466.9300941
653,-312.7890398,-442.0398687
654,-278.464822,-429.2993402
655,-309.188617,-420.7649606
656,-264.1167088,-430.3049076
657,-302.8865948,-488.119107
658,-332.514036,-459.6290323
659,-316.1987636,-457.7731018
660,-293.5560944,-437.9481854
661,-294.7022783,-440.9021916
662,-287.9744389,-516.4027128
663,-315.3998287,-463.0859548
664,-320.8115502,-442.3731516
665,-235.8890758,-425.398853
666,-285.4958388,-418.8135665
667,-271.9036471,-475.2044565
668,-292.0271428,-475.705318
669,-282.5221416,-463.0408534
670,-263.3018824,-469.5667745
671,-252.243821,-435.426225
672,-234.088915,-517.1625947
673,-336.4075644,-446.0386271
674,-298.0016108,-482.2462242
675,-289.2949988,-530.9801252
676,-235.1352337,-455.5458636
677,-265.8531953,-557.4338945
678,-262.1153563,-469.3128595
679,-287.2569928,-476.9127286
680,-240.5021597,-466.3634673
681,-233.6003794,-514.2450536
682,-198.4273923,-491.1016809
683,-232.272354,-515.6186251
684,-241.8724129,-515.4213943
685,-230.8752152,-438.7646693
686,-263.9490304,-539.7432119
687,-175.7544379,-498.8183137
688,-237.051785,-462.525436
689,-232.2307425,-440.1079515
690,-190.7999072,-510.6728985
691,-143.486693,-515.3359189
692,-183.0042989,-489.296166
693,-163.2692229,-452.5215929
694,-198.4088357,-523.0429206
695,-182.610608,-521.826729
696,-133.0423974,-498.4354777
697,-201.4314514,-498.0087433
698,-227.9070485,-533.6964937
699,-148.4960799,-525.2350865
700,-212.9249643,-490.3900882
701,-142.9496661,-485.8636731
702,-145.6366528,-531.0598784
703,-215.1639512,-464.220885
704,-179.1759482,-517.6718333
705,-126.6301435,-494.3269355
706,-149.7743615,-446.9117688
707,-179.7263001,-484.8556156
708,-155.6749691,-505.4429755
709,-108.4908908,-499.0565079
710,-135.150733,-482.8880781
711,-159.1980804,-540.9921565
712,-176.5389892,-575.5399532
713,-80.44916658,-550.3596874
714,-145.7092294,-526.26278
715,-126.781354,-494.1619454
716,-107.1170997,-536.7827753
717,-134.8686417,-511.4501277
718,-134.2354678,-472.3248914
719,-108.9614087,-499.0972918
720,-100.7164438,-486.5183868
721,-112.0808827,-561.1871257
722,-102.4260838,-542.3630044
723,-127.177083,-505.7520515
724,-71.06874038,-523.206023
725,-95.84780418,-473.259424
726,-94.78279589,-446.7375659
727,-81.92985597,-578.0535956
728,-73.18193091,-514.219064
729,-53.97403416,-505.8619101
730,-93.70225957,-563.1702494
731,-92.69889016,-552.3212689
732,-100.7212806,-509.4930431
733,-30.0837223,-515.6353626
734,-112.9306485,-514.4429023
735,-38.02665368,-546.3602917
736,-74.81582078,-527.8923182
737,-91.21035216,-509.1310371
738,-68.15845732,-516.2202799
739,-88.0200251,-542.1371132
740,-36.58782651,-540.3857696
741,-3.313243553,-541.3575639
742,-45.24351739,-501.5387424
743,-91.39606332,-582.4690007
744,-91.47506898,-491.8757571
745,-59.1207921,-453.0961161
746,-56.35164782,-524.3746371
747,9.980278635,-469.7777355
748,28.70353532,-493.7391435
749,0.721875774,-512.2241915
750,-3.507595732,-546.5257019
751,-48.26294656,-530.0617558
752,-25.68131882,-543.5080177
753,3.456671145,-501.1829384
754,-11.64241387,-485.4273778
755,-45.40558209,-535.4545201
756,-29.52061046,-585.5125659
757,-7.358261485,-533.0209036
758,43.66275954,-510.2764245
759,-29.33034497,-473.3905872
760,41.16102372,-511.3433221
761,0.868879798,-557.3626272
762,-0.370897498,-495.6705054
763,70.46318745,-481.7694987
764,2.388674006,-561.3695053
765,24.40744483,-580.5286895
766,33.00060856,-531.5784728
767,12.44709738,-574.6467473
768,44.95658324,-542.4223275
769,-2.430888289,-612.2252171
770,34.95673239,-472.4862676
771,88.73292178,-538.9436005
772,23.93902947,-510.7248316
773,15.16123138,-515.2721154
774,71.19964087,-487.0361736
775,48.3139603,-529.4531846
776,28.07724475,-547.6287082
777,50.71716273,-511.2612021
778,88.0104206,-545.817971
779,108.4713144,-529.2773334
780,66.13371519,-542.9616091
781,-2.872217551,-493.4061643
782,95.0366213,-527.7302789
783,78.01327648,-503.1558853
784,32.19524499,-533.8299613
785,105.9633209,-554.8921191
786,94.0014513,-557.2467096
787,102.242398,-516.8851109
788,42.84566092,-480.1211176
789,72.30719628,-538.5991537
790,103.4024388,-479.0416234
791,69.94609858,-510.8404239
792,116.3154897,-491.0686709
793,111.7692144,-522.024671
794,84.6678464,-507.5625263
795,80.34546088,-596.901409
796,128.6148775,-481.2379805
797,47.63281772,-537.7241935
798,140.0922626,-444.7648067
799,125.1323084,-527.3683464
800,122.0063666,-463.3017799
801,111.0928795,-527.5249127
802,118.9617092,-531.1313958
803,140.0898817,-452.7549142
804,149.0613383,-508.0109895
805,133.5671235,-546.2626531
806,171.7604534,-500.6100593
807,142.7915419,-401.3712442
808,160.1002706,-518.5892877
809,141.2715485,-460.4348717
810,160.3777152,-536.870916
811,187.4664158,-512.582926
812,218.9909294,-458.934928
813,152.2671765,-451.6854328
814,170.6096106,-463.2941026
815,185.9952024,-513.011286
816,155.0180424,-455.4469692
817,167.1445305,-497.1624392
818,151.3891868,-471.0342403
819,244.7653934,-514.4395137
820,186.4546065,-438.700363
821,186.1686416,-466.1314719
822,159.5073097,-465.4713055
823,188.5772801,-447.3488122
824,232.6168314,-397.8163528
825,217.1789255,-464.2943349
826,208.4070681,-483.2106445
827,215.5064814,-480.0076555
828,213.1729311,-430.130229
829,180.6805601,-433.9569832
830,253.1385149,-470.1732832
831,152.7080238,-483.3265369
832,258.0023891,-464.2213925
833,191.8325338,-477.1049562
834,249.7393087,-443.9690065
835,220.0518039,-469.7680605
836,218.1559268,-484.8110214
837,281.0485857,-465.166855
838,271.7703478,-408.1994865
839,267.8627244,-465.1125721
840,252.6725288,-451.1981593
841,216.0861175,-439.0332416
842,210.4517416,-411.4088352
843,234.4992893,-439.2631599
844,259.5403251,-451.3074363
845,271.2352886,-456.0134085
846,282.3549817,-480.3554451
847,262.5777391,-380.0017554
848,231.3353001,-456.6794313
849,279.3098616,-429.1210437
850,276.9473131,-417.978329
851,287.9941356,-397.4924972
852,283.7593306,-436.1349494
853,294.1423599,-369.9987413
854,272.4745144,-454.3133853
855,312.1422266,-426.755651
856,216.2138039,-395.772755
857,267.7858351,-421.9471493
858,296.2444909,-411.5365397
859,309.9955494,-428.3212125
860,306.5195005,-421.0329037
861,315.6922952,-392.760231
862,267.8537016,-376.6014942
863,282.2139745,-382.8839564
864,311.6745521,-349.9100245
865,296.3019542,-413.4500766
866,304.7602001,-409.9662799
867,331.6646611,-447.2458769
868,278.3662168,-428.6617608
869,340.7827807,-343.1659125
870,311.4234276,-397.3912168
871,318.9282178,-355.2981634
872,291.2621155,-380.817172
873,350.5809138,-370.7350135
874,329.2408391,-353.5220078
875,244.6708698,-360.9887253
876,308.345971,-434.0016964
877,345.4905904,-335.6168966
878,328.2031097,-345.9706678
879,382.8526615,-332.8261194
880,385.826609,-347.7128646
881,341.0195678,-415.7253784
882,333.4890117,-390.6401861
883,408.0988542,-368.2825081
884,348.751679,-344.1113714
885,348.4337638,-307.4413467
886,330.5014768,-350.078639
887,328.9471379,-393.1286561
888,334.8934307,-352.2374305
889,342.3775547,-369.4846243
890,315.0620062,-348.7782481
891,314.0895396,-321.0440017
892,363.6685979,-385.1204352
893,353.8679438,-361.4944987
894,374.6527415,-296.2400134
895,310.7400252,-330.5143665
896,364.0932359,-311.3245686
897,377.1793913,-351.5115715
898,363.0823248,-350.3091858
899,406.7887113,-323.2532767
900,433.3828028,-323.1650642
901,356.9174224,-364.1977835
902,325.8818644,-363.7401411
903,389.7800983,-298.3727239
904,336.1045661,-284.1905395
905,370.806118,-304.0340179
906,435.4058357,-278.9177558
907,380.7081006,-329.9329401
908,325.9178291,-322.1352256
909,385.8300556,-327.5287833
910,389.901259,-292.9500357
911,388.7515614,-312.0873924
912,402.198356,-276.6504518
913,366.0513558,-244.8917955
914,397.4133695,-283.9552192
915,423.2081413,-274.8151169
916,432.1294496,-270.4788277
917,386.7187561,-265.518565
918,372.3194412,-270.3682717
919,407.1564403,-277.1203428
920,405.8020298,-324.5745732
921,394.683866,-262.566619
922,417.4113474,-293.4057933
923,452.0394596,-285.7751758
924,444.5869781,-244.179419
925,397.5338928,-200.9322813
926,382.5114134,-223.8044903
927,449.7200953,-268.6764896
928,462.8409387,-253.2294183
929,431.0743351,-235.0799906
930,419.71295,-215.718616
931,448.857647,-289.6437497
932,465.476001,-284.199297
933,458.5969724,-197.6520638
934,396.1483199,-240.898374
935,396.9447836,-232.1344643
936,422.0953414,-199.4021802
937,471.8478658,-178.0190334
938,416.8575359,-223.2562591
939,384.3850972,-238.2383783
940,464.9811052,-162.6701986
941,400.1340051,-225.9798671
942,437.4827707,-196.8623253
943,415.0788232,-189.5996303
944,426.2252041,-199.8025282
945,457.8837954,-196.2171042
946,429.4399609,-196.7323089
947,440.8982637,-201.5721358
948,436.7841906,-139.5338447
949,462.3558416,-193.3729067
950,467.3983029,-191.5322195
951,482.6260115,-167.431525
952,445.1369615,-162.0865756
953,402.1346099,-206.3126553
954,414.3290926,-165.2072602
955,502.9892858,-99.53696337
956,471.0033722,-148.4256604
957,398.6590874,-176.7009671
958,429.8672313,-176.0107908
959,449.247266,-168.5076609
960,395.6843039,-128.8623077
961,423.6335757,-141.0720926
962,518.7717356,-172.7762511
963,381.3548107,-150.7155071
964,490.98717,-80.32119707
965,421.747574,-121.1025783
966,445.3311385,-136.109755
967,539.2578266,-174.9441001
968,468.1574486,-112.7439389
969,493.7172151,-120.7511627
970,470.9641187,-132.3523388
971,470.3559755,-127.8072978
972,481.4694543,-125.5050324
973,474.6559839,-112.196467
974,497.6256778,-109.7590442
975,411.1348983,-67.25514954
976,437.6160903,-121.6183814
977,447.360874,-57.66200255
978,401.5835891,-1.649723536
979,497.7390549,-85.96944936
980,464.7944823,-80.9819578
981,482.4393281,-67.07172486
982,483.8185292,-80.6181567
983,461.5553559,-84.71905594
984,461.9337339,-43.04105375
985,485.8735062,-162.1372573
986,488.0099873,-64.95321994
987,468.0181874,-79.31895636
988,502.5296348,-36.10421899
989,445.8270342,-49.18369115
990,440.051073,-99.64781218
991,450.5669616,-29.25035492
992,498.1102187,-36.59149656
993,491.3976099,-33.35974272
994,450.5088323,-32.7477032
995,493.8543804,-19.93630783
996,505.5785773,-18.17510444
997,480.5039683,-4.178512792
998,469.1944927,-59.59781152
999,465.1079911,-52.34707934
0,249.7325666,-31.64280258
1,246.1790627,-33.85354775
2,213.0827995,-15.52378393
3,269.8428214,-43.74379814
4,289.47529,11.58655323
5,221.3382409,-36.73279033
6,246.333748,-39.35993717
7,294.1111228,-14.29094313
8,261.0861834,-65.90707886
9,287.8548291,-40.28595917
10,270.3368537,7.893934799
11,309.0811667,-37.01353392
12,177.3745479,10.44241739
13,321.6497458,44.76836066
14,273.574711,-4.479105824
15,291.125173,-16.26964103
16,280.8048733,30.76415564
17,297.8991931,101.0494841
18,277.4202751,5.646517959
19,264.4116472,-29.50520871
20,243.8447813,13.93592123
21,248.4470797,33.42783741
22,238.9569896,65.12616616
23,263.0719984,33.84933686
24,252.6415322,41.4120007
25,286.6203445,13.36492901
26,241.4894098,32.88402022
27,220.1988206,20.02923036
28,245.6069551,73.44379573
29,267.0656981,55.61875101
30,283.9877747,48.28240319
31,269.4235184,51.89276836
32,264.8960003,40.08567793
33,182.9730543,56.11202432
34,297.999399,90.49156038
35,283.4352779,102.3462501
36,256.2665603,73.73135466
37,234.1879053,60.87137231
38,270.2784484,109.0036804
39,246.6870729,61.90676928
40,249.9288182,95.96545679
41,205.6173013,11.55193721
42,231.4143336,46.31520683
43,231.6613343,80.99328482
44,232.2608795,131.4815355
45,254.591241,99.39305587
46,262.3635395,58.67544848
47,273.7570548,93.0192334
48,261.5625343,65.57807048
49,193.6778974,124.7018115
50,250.4037141,75.52442227
51,211.8206221,138.7591775
52,201.0056591,156.6756112
53,208.4254088,128.9353995
54,224.3201053,130.2562217
55,216.5685839,109.642315
56,232.8117431,86.81433792
57,252.4799869,103.8255802
58,222.0473795,91.72150905
59,150.6646283,118.1389503
60,298.5216128,149.7133079
61,224.1532141,120.5812677
62,223.9723544,147.1616119
63,186.4209377,166.4447842
64,241.8334156,156.8146662
65,232.0327303,138.0982399
66,237.5507258,157.4913141
67,205.2101682,124.7423115
68,217.3337733,190.6205901
69,175.531886,102.3098177
70,216.0553833,150.0335899
71,214.7008418,157.982556
72,201.1732621,197.5023088
73,158.1917837,130.0792122
74,201.4518019,107.7512762
75,197.5854572,208.9887932
76,201.7805675,168.1482241
77,161.6232899,144.8034567
78,186.4281169,155.8143747
79,234.3707537,184.1123496
80,160.7969306,176.7966487
81,207.2884929,205.6097988
82,237.9413185,142.9400974
83,164.3648629,137.636796
84,179.8178634,191.3095459
85,214.5888954,176.9782237
86,173.4865154,185.7305946
87,156.1235678,245.7681028
88,131.0269236,190.5110773
89,238.0269813,187.0424545
90,169.6629607,177.9672255
91,167.9811727,231.7105522
92,105.0494703,238.3448515
93,126.6827908,186.1410995
94,154.5042852,213.5780379
95,117.4020971,211.5491883
96,224.0235876,158.5330127
97,166.918382,181.2945075
98,171.9213044,203.4355226
99,137.8023333,219.1856133
100,209.0645663,200.4917893
101,174.3991439,169.071141
102,121.9708688,223.6727802
103,193.0304397,221.7809585
104,136.9438348,212.6838405
105,106.6377536,232.4135442
106,168.4203565,202.2686796
107,125.6356256,225.3412356
108,124.4081481,216.8944797
109,198.2607481,212.9612051
110,122.2649288,202.419068
111,153.0737976,217.8616525
112,108.9868014,264.3701464
113,168.7632694,208.1304432
114,67.87358468,257.7600488
115,101.0130955,252.624145
116,60.11887264,257.0331767
117,80.54480371,253.5070914
118,114.9542943,204.2738214
119,99.94950935,254.7682133
120,112.9604753,252.9764203
121,166.6886402,189.7607676
122,153.5125112,241.0411927
123,75.62244745,199.2020195
124,94.49151001,267.9401637
125,93.90731386,286.7827636
126,51.75689129,242.2210327
127,55.26863869,254.6062816
128,116.9854468,232.1660442
129,9.781093797,251.8267762
130,98.52885094,259.0343829
131,120.0100454,215.7988287
132,100.843849,284.7081711
133,24.5716268,259.5025342
134,60.28705229,248.424781
135,83.3174418,237.1884569
136,50.08231562,253.7420347
137,35.19450527,221.0320787
138,85.64352689,220.0095323
139,82.69447334,269.1946937
140,8.366197323,235.8106295
141,93.39171975,227.5001639
142,41.05729308,271.5713997
143,75.90527212,250.9146693
144,31.88574783,301.8599541
145,99.37911022,289.2593228
146,47.16651043,236.3269767
147,17.08246888,276.9083276
148,51.93078211,303.9153544
149,56.26978296,217.3859646
150,65.68677503,233.1239676
151,19.97610798,271.1355938
152,88.72721594,357.4672884
153,44.41608615,259.1902767
154,39.60223789,291.8085394
155,11.29539796,319.5041367
156,25.16180566,281.0251886
157,35.57777843,279.1617386
158,38.10495998,248.3938995
159,-6.479072873,234.2803015
160,20.78500699,291.0025055
161,18.66011704,318.1946856
162,2.083197488,288.3236584
163,-33.17839962,256.9258837
164,17.7579254,294.2653515
165,-14.61021636,266.8736511
166,-54.01237137,258.5160016
167,15.54865076,286.664169
168,1.168924665,271.0582475
169,-16.32865614,249.8882858
170,1.733713396,282.4358454
171,-7.162029707,254.1101942
172,-89.21498946,302.8662417
173,-41.67236614,244.1046419
174,-9.195632643,258.2396208
175,-0.894666023,288.4980933
176,-14.87821844,228.972989
177,-1.719085292,277.7287554
178,-51.84717497,274.1083111
179,-96.74650609,281.9575043
180,-77.03009827,228.9849283
181,-94.50793145,302.7886698
182,-70.40174284,315.2387089
183,-70.28283596,217.8008899
184,-90.38752587,305.8666368
185,-64.249572,252.0902559
186,-57.45053128,283.3148909
187,-31.40496657,311.4148894
188,-78.39302944,227.8529798
189,-82.67393458,275.0933437
190,-101.8495127,238.1969677
191,-65.28641442,265.0545697
192,-77.27577302,243.3380359
193,-87.82744816,237.9208017
194,-56.86111611,296.2363566
195,-141.6000302,236.8008494
196,-133.7530689,244.6690137
197,-93.99838523,220.140231
198,-121.7841409,232.9470653
199,-90.5382603,264.5587038
200,-121.0309621,267.1720227
201,-118.3962036,253.0832511
202,-54.40340344,300.7887799
203,-146.1995574,284.7855538
204,-85.46915704,224.7409595
205,-87.84022753,304.5987934
206,-148.6657651,230.1844882
207,-87.03859366,265.0799891
208,-103.5961109,266.3552456
209,-110.9842207,215.522791
210,-93.84279721,289.5610532
211,-134.6936058,252.302524
212,-176.2867831,268.1451048
213,-115.725424,249.9395834
214,-101.6818464,240.8481443
215,-120.9910765,219.3230493
216,-141.1439303,243.702318
217,-136.177342,236.8446312
218,-149.3708723,271.6869554
219,-161.0104366,197.6610187
220,-97.89130795,286.2325204
221,-191.6083229,264.3885593
222,-170.3814051,250.4883176
223,-148.9070636,234.4158817
224,-183.6780917,219.5744288
225,-190.0717264,214.1567621
226,-167.0114826,216.4377149
227,-146.9338607,281.3054006
228,-187.1852389,242.6261659
229,-157.1700454,248.3387277
230,-172.2474442,255.1724766
231,-162.412493,194.4542952
232,-153.1473052,256.8739816
233,-204.4505734,230.0435121
234,-163.3699134,221.2552235
235,-153.9858378,297.059325
236,-212.0475735,183.2996874
237,-181.6334806,244.9452528
238,-199.9411246,265.4431421
239,-235.4272684,241.1595348
240,-215.6855648,270.4597954
241,-139.9614295,194.365191
242,-218.4370787,241.6190262
243,-215.7639051,212.9157479
244,-205.5739231,155.1149036
245,-208.9220912,190.4207248
246,-225.4576448,252.809552
247,-250.5016125,232.2654854
248,-223.3030109,197.826098
249,-193.3357837,214.7509836
250,-202.0262983,231.9066291
251,-231.1664484,182.7868708
252,-255.8488147,174.6659169
253,-136.8729949,235.0243957
254,-267.9138488,156.2477011
255,-214.9455235,210.5586133
256,-214.9388126,184.6931666
257,-237.156551,200.3614836
258,-232.7873416,122.111577
259,-244.2127836,161.2962661
260,-234.0004119,274.52663
261,-230.1534049,173.6760505
262,-215.4278961,195.6584914
263,-232.3660252,197.4622722
264,-185.1421522,143.3921416
265,-234.4816259,147.5726979
266,-233.8597185,145.8323278
267,-264.8628448,162.5526302
268,-224.8661678,196.9551387
269,-293.2929611,169.0296411
270,-278.9714039,127.5906803
271,-265.9387443,154.0398153
272,-188.3524782,174.2159917
273,-304.1896143,142.2014681
274,-233.9079459,219.7002237
275,-313.7984024,98.53639141
276,-211.7403745,164.494831
277,-295.5493739,166.7028327
278,-350.1849902,148.608224
279,-262.8704631,174.0636799
280,-304.694963,146.7206004
281,-303.5941283,149.6118773
282,-304.2252783,127.4938649
283,-308.75292,157.0438274
284,-254.6184426,128.2304773
285,-280.6981823,89.5573909
286,-292.2886771,129.2419
287,-206.1072327,95.10898178
288,-242.217833,156.0809424
289,-279.1155459,176.6283977
290,-277.7422128,133.2267662
291,-291.8488761,155.9290536
292,-258.6900909,98.10964296
293,-332.4694199,108.4366831
294,-318.1798165,110.2548615
295,-258.3208868,96.06459205
296,-297.9727174,109.1361047
297,-272.4575881,37.58945391
298,-317.3124372,108.9244797
299,-264.2882917,85.40804831
300,-357.7446969,116.3251308
301,-321.6445728,59.60216222
302,-322.4276869,87.30468129
303,-322.931238,24.21184336
304,-278.9463459,126.1537607
305,-287.3598805,51.29612427
306,-313.9751851,82.74094016
307,-290.9691141,100.4875805
308,-331.9381934,80.38912101
309,-297.1520491,119.0871169
310,-290.6701177,96.55884792
311,-310.2026633,112.6673323
312,-301.3139487,41.97924613
313,-272.3722543,86.19942658
314,-328.6082755,48.32030929
315,-307.2403027,74.03594304
316,-311.0163619,66.90769786
317,-266.7108516,87.13571552
318,-312.7417681,80.64287426
319,-350.1645753,61.74886517
320,-265.6143908,40.67074345
321,-346.0039662,25.04429949
322,-353.9218956,18.45294384
323,-332.9826395,-2.788175096
324,-322.0098236,63.8245954
325,-350.2984718,79.70686421
326,-308.3058249,62.41266371
327,-343.9047683,54.49294806
328,-357.4441922,52.9218194
329,-320.0236964,40.16460504
330,-360.9156342,-5.936668538
331,-308.1760494,-10.19075724
332,-312.6179515,-25.41408333
333,-301.4662687,-24.03895448
334,-310.7159304,29.03890775
335,-348.5375649,25.06076708
336,-320.1466447,-11.23832463
337,-358.5180493,-56.6276927
338,-318.0493734,-47.37145648
339,-325.9319622,-11.01165381
340,-308.6473454,-14.85257291
341,-339.1103112,13.47996216
342,-319.3562777,-1.678165426
343,-315.4870092,-59.91821067
344,-306.9942596,1.833512926
345,-360.307151,-26.55355342
346,-331.0704581,-25.95749868
347,-319.9358614,18.32630159
348,-297.534913,-66.67381826
349,-311.3379003,9.867999586
350,-318.3836592,0.036655211
351,-269.583547,-4.674011756
352,-322.4119816,-6.724750631
353,-325.4600221,-40.05176949
354,-340.240347,3.44295166
355,-354.1178969,-0.177921283
356,-314.4120948,-90.8163411
357,-318.1973988,-114.5246363
358,-310.2563881,-27.65184758
359,-346.5629669,-53.18536179
360,-269.9141518,-74.74502779
361,-360.0286364,-17.80117598
362,-269.0822968,-64.8160609
363,-297.2905193,-27.3556926
364,-349.5594555,-84.82915481
365,-289.9852597,-22.3863166
366,-309.6277144,-101.9944815
367,-266.4810626,-94.18880982
368,-335.7019295,-70.6452917
369,-278.554064,-57.94778914
370,-312.2402102,-72.31573847
371,-322.8642916,-72.11300581
372,-399.5163899,-100.3934699
373,-315.8261284,-128.658769
374,-310.8886741,-102.8904168
375,-269.2031256,-52.18824372
376,-335.2070715,-106.5209324
377,-322.7933753,-118.1567504
378,-314.0428318,-129.9605824
379,-353.1073183,-91.12971695
380,-299.5749483,-136.5330296
381,-290.84891,-133.9367528
382,-309.3401727,-92.95811728
383,-317.145946,-106.4981718
384,-330.8098442,-128.5990958
385,-320.6491363,-147.6596788
386,-318.9100574,-174.2704324
387,-327.4520746,-138.8998228
388,-319.4907064,-140.1320707
389,-312.7233872,-121.0292017
390,-283.6774672,-157.4222111
391,-345.0289714,-171.6986982
392,-322.5465267,-153.4942191
393,-330.0054222,-184.3101943
394,-319.5419566,-142.4647109
395,-286.938014,-167.1015167
396,-316.0872598,-180.6413913
397,-303.5268763,-180.745021
398,-284.2542813,-211.3097822
399,-311.0795505,-151.1319016
400,-293.5963928,-81.79495898
401,-287.4165138,-195.1177718
402,-299.5519433,-220.6828126
403,-297.8620233,-194.7753234
404,-266.7169513,-188.646807
405,-296.3949815,-193.5928375
406,-239.4186273,-186.5172446
407,-235.2785452,-154.7974343
408,-274.4433752,-170.4899959
409,-275.7207191,-241.6999606
410,-294.509652,-160.8204401
411,-286.197941,-230.623688
412,-284.8705112,-139.624873
413,-244.4385707,-194.8752536
414,-251.8284978,-206.264305
415,-329.9946058,-225.2437198
416,-230.4782256,-207.9566825
417,-283.1329089,-210.9455105
418,-217.1539867,-155.3712181
419,-206.1416913,-211.106932
420,-262.2438234,-254.0062353
421,-225.1925591,-245.6973466
422,-261.3660629,-245.7254815
423,-283.8849079,-240.0519959
424,-282.7857026,-233.2206217
425,-279.3091532,-194.1446709
426,-294.2998566,-214.6109541
427,-222.8894582,-238.6901898
428,-279.221575,-232.2615664
429,-220.5296836,-221.5583889
430,-270.0770982,-214.8852058
431,-285.4106049,-210.9645423
432,-238.2668787,-242.6271773
433,-273.8481622,-261.9645594
434,-230.7939391,-200.4493796
435,-264.0880923,-225.5051533
436,-305.6927517,-258.7163867
437,-242.1096228,-270.3724436
438,-267.3519457,-265.0022466
439,-228.5530128,-252.4583297
440,-302.5110688,-312.3115928
441,-251.5988785,-236.7945003
442,-313.8304729,-267.3337457
443,-245.1889411,-212.490536
444,-238.9322721,-244.4317703
445,-221.1081134,-321.6010027
446,-200.2480824,-252.9663376
447,-205.9791377,-143.3668416
448,-281.6680764,-211.1201898
449,-225.6703661,-255.9295776
450,-216.2994903,-278.9459931
451,-229.9013935,-257.9840677
452,-256.179171,-246.9832169
453,-220.992791,-305.0146382
454,-219.8359614,-234.9906218
455,-220.2100382,-263.5244758
456,-223.8790529,-253.0937341
457,-179.1716579,-221.9066237
458,-202.7766586,-258.818814
459,-192.3270682,-241.4958227
460,-214.580105,-259.4951628
461,-196.5889574,-285.224023
462,-185.715418,-277.1638136
463,-189.6620505,-279.7017547
464,-136.5262415,-257.9711475
465,-155.4773525,-302.5715628
466,-205.899212,-261.5962398
467,-150.5985578,-247.4040476
468,-192.645521,-299.7784637
469,-221.3451236,-305.9527927
470,-139.8865264,-309.4388922
471,-148.1810288,-302.4031091
472,-155.2744231,-332.3412563
473,-160.0296854,-388.8455074
474,-165.7720065,-349.2048577
475,-121.553952,-278.1258952
476,-141.2920325,-256.9535144
477,-181.3079376,-251.2764292
478,-122.4130781,-311.8855566
479,-113.8389051,-339.0471371
480,-170.1621192,-325.163232
481,-158.8059109,-339.6271684
482,-103.7448738,-316.6985778
483,-127.3541053,-327.0235204
484,-190.0305462,-302.7687404
485,-190.2547966,-313.8643352
486,-171.4030092,-253.0991822
487,-100.4710018,-310.4342188
488,-87.35112808,-339.8628327
489,-106.400717,-309.3226419
490,-112.2197967,-277.9669641
491,-95.59367458,-308.2734199
492,-164.636044,-346.5109617
493,-116.0848248,-315.6596646
494,-143.7171654,-246.8385579
495,-61.72029865,-301.8300317
496,-102.4458603,-326.9412174
497,-130.5533549,-318.9084889
498,-91.64625927,-359.1202138
499,-86.73098767,-327.1361451
500,-151.3625732,-348.8773368
501,-103.9034121,-266.9989579
502,-72.16059751,-364.2341788
503,-71.63330569,-371.1052949
504,-51.08633682,-339.3126161
505,-83.72451239,-285.8738966
506,-116.8745899,-368.0064415
507,-93.10803066,-295.3627747
508,-118.5171272,-411.8761631
509,-83.8047455,-310.7327045
510,-31.59211758,-341.5292513
511,-77.26972927,-293.3428905
512,-118.343329,-339.917032
513,-53.85990996,-315.0623131
514,-72.18599347,-327.7590578
515,-128.8586127,-348.769081
516,-37.91857965,-358.6956986
517,-47.06762921,-316.0018435
518,-56.42542905,-324.4511237
519,-72.34142606,-335.8962584
520,-22.4623757,-325.0974683
521,-55.67334294,-323.1647474
522,-13.94700442,-391.4498987
523,2.079464404,-340.075557
524,-17.235302,-294.0825923
525,-68.45745337,-351.2711449
526,-33.27116274,-353.464266
527,30.12550213,-355.5944023
528,-35.89754259,-323.6749861
529,-52.60503668,-341.5683413
530,-4.327449139,-339.550849
531,-13.96444991,-345.2879819
532,-53.91026825,-319.5790812
533,46.85678422,-328.4695797
534,3.649716188,-308.0106055
535,-38.50728824,-277.463435
536,8.320941946,-279.3057018
537,-17.06405881,-273.4180549
538,30.85463489,-311.0432078
539,17.29071338,-334.7407871
540,48.95269472,-322.700699
541,-43.41204024,-360.0297341
542,12.68431032,-316.7929264
543,19.21777206,-289.0786724
544,-34.96598748,-320.8712385
545,-28.32498239,-301.8948064
546,26.02342982,-311.5814325
547,5.57875732,-285.2456396
548,65.38008642,-305.5594573
549,32.87076278,-305.0826551
550,18.17205844,-296.2007268
551,91.48022791,-289.1145876
552,22.71889206,-309.7324288
553,8.417873997,-302.721872
554,63.32915606,-375.2833484
555,17.55004152,-326.9550028
556,45.96362854,-353.9938809
557,69.23779954,-309.3909216
558,54.31232523,-338.8113141
559,94.1663121,-265.6547415
560,50.75548389,-332.8383609
561,82.5481134,-324.3477139
562,66.17164197,-290.5278676
563,15.60646467,-272.2562441
564,77.59286295,-323.2152555
565,75.25222969,-311.0400988
566,28.5013267,-264.0847989
567,84.17634858,-294.6403752
568,113.9731875,-337.540414
569,102.1116665,-313.8875645
570,115.7819483,-368.6057206
571,89.86761301,-321.7819448
572,108.2600505,-288.4823755
573,76.50501062,-322.8133317
574,96.84516068,-327.1899272
575,127.8454798,-310.1876443
576,17.78648735,-309.1551763
577,76.23910801,-345.6262904
578,72.66084256,-292.1617767
579,152.0198236,-284.7831253
580,96.33100058,-279.2148782
581,103.1072523,-312.422179
582,84.59110713,-342.8101207
583,109.8542791,-284.1637723
584,120.9710731,-300.0136459
585,97.8027974,-267.8957644
586,88.95403496,-261.4501881
587,100.6815279,-305.8714348
588,89.01157762,-296.8873866
589,164.5284682,-264.9031335
590,166.8624035,-263.2141818
591,106.6267952,-287.2885654
592,118.5443908,-235.9141424
593,108.2463262,-247.4671537
594,173.1241918,-217.8164923
595,136.2163611,-249.7428933
596,219.1135152,-288.0298422
597,106.7551982,-324.2696308
598,176.3154838,-322.7134093
599,145.877369,-251.4300491
600,164.6999543,-250.0977434
601,167.8958926,-222.7879984
602,134.7248075,-279.738087
603,142.1660443,-232.7782539
604,194.3935754,-242.3846802
605,204.9063154,-289.4818954
606,221.422051,-206.6446818
607,195.4615831,-197.0711307
608,125.6654355,-264.4240323
609,155.2596909,-225.1940794
610,147.7525322,-222.2440054
611,222.2939391,-222.2258541
612,191.5944718,-270.8140551
613,159.5633309,-201.7681873
614,210.2189293,-238.4893803
615,176.1533019,-296.138368
616,158.3995254,-176.0503505
617,153.9281733,-225.720933
618,224.3639885,-267.0491854
619,201.462754,-199.2441517
620,198.0589879,-139.293736
621,149.370255,-191.532443
622,195.9699207,-198.0695923
623,216.1003039,-241.1393741
624,211.4193365,-272.7839841
625,224.3163281,-205.989369
626,227.0291348,-181.0628559
627,220.5291871,-206.2212775
628,184.6805079,-229.8735817
629,248.3071369,-163.2455135
630,207.1347713,-202.7699032
631,188.6929583,-166.7676593
632,237.3273934,-141.500367
633,192.5287659,-208.8499772
634,227.3153538,-175.8744083
635,215.3752931,-219.2039661
636,249.7406035,-169.1139776
637,197.2428024,-147.8047085
638,261.2491115,-182.1462843
639,229.922574,-167.2480501
640,203.0542849,-180.6510459
641,165.6837502,-152.9283178
642,184.7393712,-131.7773667
643,222.9884012,-180.8761117
644,215.3466424,-180.801765
645,277.9999712,-244.4179014
646,274.9969775,-157.2547182
647,201.6998651,-197.2555057
648,289.4032191,-190.9511753
649,205.6901451,-126.0456855
650,251.604702,-185.8715548
651,249.0824504,-186.0647425
652,276.7219671,-120.9993131
653,260.749084,-139.5289932
654,298.6939755,-147.9169197
655,211.4493165,-131.942477
656,310.5118506,-173.3793644
657,238.0890628,-127.9439847
658,248.295834,-167.3983617
659,284.5261969,-65.81122556
660,257.6892576,-160.009196
661,206.2486464,-122.6142786
662,286.7231528,-113.556851
663,254.4012382,-142.940478
664,222.5520459,-97.66255852
665,283.5507177,-166.5122928
666,304.6302992,-100.346301
667,299.6974122,-155.2532534
668,217.4861112,-116.8726361
669,274.272391,-55.92022898
670,281.0759487,-114.4925586
671,229.7838721,-67.70694897
672,232.2917417,-53.14174444
673,253.3358571,-51.6613733
674,282.8463124,-100.8661449
675,247.4838953,-104.3555828
676,276.4790884,-89.18055125
677,246.3553894,-93.82613356
678,267.0434861,-150.0764172
679,278.92392,-112.9587052
680,231.047824,-131.5357571
681,212.276121,-118.923108
682,245.2435115,-17.00227674
683,251.1351048,-67.60424178
684,279.2993701,-66.33802416
685,265.3111066,-103.458783
686,311.487739,-10.71103174
687,217.781648,-92.97193578
688,260.1445645,-88.50876051
689,283.9712548,-78.73995874
690,333.9733107,-18.49233424
691,275.6040985,-20.71425313
692,302.5850313,-65.7555805
693,245.0785195,-43.80466113
694,295.5470037,-39.28763715
695,222.4967626,-64.85359411
696,267.6720536,-40.34737298
697,329.1279257,-76.96493641
698,285.1555921,11.98063571
699,338.1434924,-42.1319227
0,84.72095193,-10.8129473
1,75.77673496,-28.77779066
2,82.88193453,-99.6883306
3,90.11137063,-17.84687856
4,62.77794263,41.8587122
5,48.96344957,-29.55895632
6,128.6738324,-40.35353629
7,52.09614522,-17.73388803
8,93.45075954,-5.027793321
9,29.03599966,-25.17388781
10,49.13725729,-9.481544346
11,79.63362587,7.415161393
12,13.03590406,28.81021169
13,73.30901513,40.43914112
14,78.43160145,33.94138817
15,78.43399637,43.27343736
16,79.39571803,1.919747339
17,131.1506902,33.48356894
18,79.39864779,-29.53757385
19,22.70531724,19.45512877
20,64.84834118,-5.845747794
21,63.80065701,62.12232576
22,79.48243216,-17.90065178
23,54.28540319,-5.973627015
24,44.97154289,7.591530031
25,41.20705854,-15.85136022
26,50.6031521,6.764450392
27,-34.59133663,86.92831566
28,84.77801054,15.78233502
29,51.46627093,-6.37110519
30,100.5246781,87.37857233
31,53.07015758,62.82069735
32,52.30992765,-6.359364191
33,33.3448045,39.2998994
34,30.67805099,30.35346231
35,40.15487602,36.02835566
36,43.01502268,8.148182059
37,18.45584958,2.909739992
38,67.78917708,-20.27254551
39,71.52077094,85.90496447
40,26.27664279,-32.39460707
41,22.90308212,45.12579944
42,1.79683143,32.91279392
43,76.36576745,69.60080667
44,1.041601798,2.97372435
45,17.26083724,45.71121753
46,40.22513055,37.23262269
47,38.92766676,112.4874138
48,46.26773161,54.0937708
49,14.50548587,45.90234635
50,53.59459478,38.81126463
51,17.68628478,60.15629498
52,-0.590007866,18.39720959
53,22.26716427,58.65258609
54,25.68087839,45.34653657
55,45.37619761,35.88310172
56,58.17366379,10.54855329
57,17.90030667,77.99111942
58,-20.98004736,77.16945516
59,39.28725953,-1.398913551
60,13.98552392,-9.066174857
61,-32.07796204,115.1912476
62,-22.58447229,31.64191718
63,-13.10304486,129.3950804
64,-64.15929833,36.27546272
65,33.66108195,123.9597954
66,-16.42606206,31.42802263
67,47.48360791,116.760505
68,2.901732989,44.83939966
69,-21.0180339,64.64138711
70,-11.70667653,113.1793291
71,2.661563187,37.48139053
72,15.48245887,79.30624721
73,-7.293784136,113.9742941
74,-63.34740749,68.92523264
75,-48.03787853,22.94228559
76,-23.78626604,145.2589796
77,-91.48138429,68.83425451
78,-19.15149628,73.34163197
79,-43.8466879,30.47569863
80,-35.54972107,46.50855082
81,-110.305954,104.7649999
82,-17.92530008,70.14943301
83,-41.86589081,100.4582655
84,-44.06097938,94.93528672
85,-61.75955304,106.7174024
86,-45.24541694,72.67987442
87,-94.99381472,74.92493231
88,-83.86182722,46.58346796
89,-85.36296829,33.11860367
90,0.856477417,104.3778089
91,-7.246179668,27.04134836
92,-64.67484277,24.17241983
93,-89.62240496,34.64250566
94,-33.48614411,49.46765542
95,-40.52654915,78.60633193
96,-5.354355355,15.18784933
97,-38.55260632,93.01358404
98,-107.3767326,87.8446681
99,-69.91565111,49.77825258
100,-106.5207655,33.96314247
101,-22.08831662,54.45327712
102,-61.87525488,29.56514262
103,-110.4669452,84.57446519
104,-129.2658116,38.4452864
105,-89.43908915,52.99416986
106,-97.48757658,60.24393917
107,-72.9567263,69.09045064
108,-124.9161747,37.17485263
109,-61.07017478,71.15389817
110,-139.6404941,53.44125975
111,-159.3130915,42.85531503
112,-44.51425746,11.52955253
113,-127.9265541,61.37560404
114,-150.598528,17.93040974
115,-87.80627144,16.31348497
116,-114.1304239,56.06797028
117,-95.72296323,40.11932992
118,-119.8266602,41.56174494
119,-114.6136798,42.51269353
120,-127.0228817,21.59428754
121,-142.9908578,24.28892662
122,-138.7628185,-9.838714007
123,-107.7765916,28.18489421
124,-93.11632833,7.066232913
125,-105.3890826,34.69929458
126,-105.2771437,-8.440006972
127,-115.0902716,25.3877268
128,-120.2673512,-50.01640059
129,-116.539857,77.04959549
130,-132.9874932,-13.09075429
131,-111.7771918,16.18380158
132,-87.94614399,-32.87883995
133,-102.4962294,20.59932651
134,-129.3700477,11.06231898
135,-94.84822531,25.0726411
136,-160.606836,21.49672766
137,-128.7989743,-2.944788343
138,-125.1619806,-11.67220265
139,-92.06353516,-11.72036971
140,-161.8151089,-23.06776422
141,-123.2387622,23.5533182
142,-110.8343927,-40.90775551
143,-54.65577263,-9.523417314
144,-91.1904674,-24.09858668
145,-113.6485086,3.551839469
146,-93.25683149,8.000101114
147,-103.746373,-35.26503656
148,-147.1304496,-17.9275327
149,-102.0061578,-36.68162102
150,-98.02290938,11.48426038
151,-157.4019106,-59.29518649
152,-134.0139246,-27.05067191
153,-145.3862963,2.198296033
154,-116.7301837,-39.26943488
155,-172.2887558,-82.00779785
156,-120.4969558,-108.5861716
157,-98.22048142,-51.42149
158,-30.93593599,20.49935606
159,-133.2582322,-53.98127916
160,-97.49044487,-1.739908714
161,-175.9991878,-108.4602527
162,-144.9773008,-39.40985457
163,-110.825742,-26.81003604
164,-161.0965775,-130.3860153
165,-98.69721116,-87.73255286
166,-184.2828349,-60.50529235
167,-99.18237794,-70.47416923
168,-135.9217667,-73.53242561
169,-132.4720286,-111.1150777
170,-141.9231256,-56.93953201
171,-109.9208198,-69.42172374
172,-148.4748124,-81.77469838
173,-182.9426194,-72.82106749
174,-73.73680914,-124.223964
175,-133.1142562,-71.92949758
176,-76.84751352,-97.02941799
177,-134.0596339,-144.4068492
178,-109.011777,-25.80907556
179,-102.5809456,-89.4468946
180,-99.99052248,-90.7926716
181,-132.7597769,-67.41638056
182,-100.2784786,-93.21400142
183,-134.9604864,-56.23682244
184,-84.37340019,-113.5006858
185,-72.84211713,-113.3818357
186,-124.9073727,-122.7574276
187,-153.0983906,-87.30099655
188,-153.3890569,-139.7501777
189,-159.1807009,-106.8965733
190,-99.85167421,-115.500392
191,-125.0197298,-142.2183369
192,-78.18368212,-124.8859037
193,-80.96916184,-136.2104524
194,-83.34664295,-71.80335832
195,-69.48638276,-124.4873355
196,-77.62318581,-120.5120793
197,-83.34627396,-124.2011241
198,-86.73275711,-109.1736254
199,-109.800761,-147.0789052
200,-119.831644,-165.6388011
201,-112.8480843,-113.8364827
202,-101.2471434,-104.1627421
203,-71.53651669,-179.5378316
204,-51.02439678,-97.0305864
205,-98.56743889,-109.5805689
206,-92.50740239,-120.0475373
207,-102.7921569,-177.5213925
208,-74.37118036,-128.1495054
209,-72.83209025,-160.6265684
210,-70.90015156,-117.6531072
211,-58.23877297,-120.8412258
212,-74.97244473,-91.70677867
213,-88.12028711,-112.7310814
214,-15.33443629,-113.3875173
215,-54.81385827,-144.0776365
216,-15.59424514,-171.2888515
217,-73.71203067,-140.8539663
218,-5.403710631,-117.8184411
219,-69.49421908,-138.7614207
220,-56.79747866,-150.9429557
221,-6.912365196,-170.9549667
222,14.0758603,-105.0653923
223,0.63160813,-143.8662537
224,-34.49822157,-172.9945544
225,-43.64563022,-115.1684229
226,13.06945723,-163.1269875
227,-34.68612616,-134.3416494
228,-63.50589173,-111.9088087
229,-41.26686363,-135.3139001
230,-31.0251578,-152.8916253
231,-15.60304671,-135.3955207
232,-24.4788618,-150.4534524
233,-1.676128418,-78.62020702
234,-5.012213933,-97.93121363
235,-48.87157074,-122.6250471
236,-38.05206085,-171.1660639
237,-25.28916016,-90.55927665
238,27.40365455,-118.4418081
239,-45.07931736,-130.9940712
240,11.93766494,-119.1715501
241,-50.45660277,-150.4377344
242,4.890122344,-106.8889213
243,-57.13227599,-127.0500344
244,14.9651274,-95.86618611
245,33.36365668,-103.0055657
246,-9.534697283,-176.8112401
247,4.5380208,-88.57140317
248,59.97900324,-96.31419494
249,32.88022468,-105.2133509
250,5.119138534,-119.4382348
251,73.65476527,-142.7095327
252,73.78251865,-122.9529687
253,66.83432004,-154.3193712
254,46.35565126,-133.0048035
255,-11.99810427,-103.0969705
256,62.39893169,-133.7175889
257,-11.22807984,-109.8066672
258,32.71900054,-89.24991674
259,65.40089778,-106.096938
260,94.11981004,-96.16982041
261,29.57353887,-149.7942887
262,33.56748235,-110.0579424
263,71.70600663,-84.58020187
264,8.933408899,-91.74542904
265,65.84544072,-49.50111962
266,73.6764433,-70.91699935
267,50.17192557,-80.46541787
268,87.13813882,-130.4432334
269,40.41851962,-111.9555877
270,63.48951448,-50.1646915
271,35.38289547,-157.0482859
272,42.0661702,-56.17846754
273,71.6653231,-68.9571135
274,48.20274132,-118.3709221
275,73.08949765,-103.2038217
276,124.1432599,-59.21438726
277,42.15172695,-92.80507534
278,57.69437905,-79.76298682
279,94.85955903,-65.08117922
280,40.23736299,-12.03833809
281,64.45689853,-43.74726499
282,45.48140373,-53.9637359
283,73.77093676,-119.5761434
284,125.5639049,-22.18236561
285,53.81609027,-91.97127191
286,76.74310509,-54.29105108
287,77.52838457,-49.12166683
288,82.54511997,-9.415916029
289,84.85785623,-82.28083405
290,109.1056107,0.480305446
291,163.1613057,-80.38169567
292,76.21369369,-107.071264
293,85.80594482,-58.9793323
294,127.1555634,-63.69129543
295,18.97379479,-52.50569655
296,10.53803971,-13.74606832
297,7.959791622,-33.33383794
298,7.643713752,-41.70317612
299,119.3013447,-19.18056326
0,319,-335
1,543,111
2,-531,-544
3,-562,200
4,441,131
5,224,155
6,-249,-318
7,-491,416
8,-57,-576
9,242,190
10,137,-544
11,-421,-369
12,-258,-124
13,-25,-146
14,-312,-343
15,-71,86
16,328,-372
17,-5,-166
18,281,420
19,-199,21
20,-513,-17
21,-292,305
22,-258,-165
23,-424,-462
24,-407,587
25,584,342
26,-76,465
27,314,-391
28,140,261
29,353,232
30,-461,191
31,-55,416
32,-544,-489
33,-596,436
34,-511,15
35,290,97
36,297,370
37,531,67
38,-7,-12
39,-116,381
40,371,38
41,396,-319
42,385,511
43,-585,574
44,335,-347
45,-272,-57
46,182,396
47,244,592
48,-235,54
49,159,38
50,463,323
51,-185,-346
52,566,109
53,-24,299
54,-590,-575
55,356,-180
56,-105,-364
57,408,-382
58,-140,62
59,34,567
60,389,-412
61,-346,-533
62,15,-265
63,70,220
64,273,-301
65,-244,-345
66,407,-248
67,-77,349
68,155,-317
69,-502,-404
70,-119,277
71,14,17
72,-233,-31
73,-11,498
74,465,-179
75,235,-56
76,-530,528
77,524,167
78,-294,-224
79,54,77
80,-202,-380
81,-419,-294
82,-79,413
83,-597,262
84,247,203
85,-386,371
86,-500,362
87,-28,57
88,338,486
89,-375,-496
90,171,-172
91,-167,451
92,81,-13
93,492,265
94,145,590
95,263,-233
96,-350,258
97,255,593
98,513,-40
99,-307,318
100,573,555
101,-168,-542
102,368,235
103,-402,-386
104,297,-129
105,-354,-219
106,390,326
107,591,-41
108,474,88
109,-221,-127
110,503,96
111,310,359
112,-123,403
113,325,106
114,253,537
115,416,153
116,-98,216
117,-13,107
118,467,507
119,-394,-450
120,67,-73
121,-436,316
122,568,409
123,-564,-268
124,-198,-187
125,-556,-395
126,-539,-181
127,267,219
128,-582,-236
129,430,-173
130,540,-21
131,-55,-276
132,-546,177
133,391,-559
134,-370,-148
135,-207,551
136,90,-209
137,3,280
138,501,-516
139,453,-552
140,568,-532
141,481,96
142,-122,219
143,594,-454
144,415,8
145,-155,-380
146,-506,-339
147,296,494
148,-382,-509
149,-474,-521
150,382,315
151,-115,93
152,-576,-445
153,31,480
154,-582,-364
155,-324,144
156,-49,576
157,38,-364
158,397,-546
159,83,-492
160,-228,372
161,-400,248
162,-92,-326
163,-390,-97
164,541,102
165,-559,-286
166,187,-272
167,440,-318
168,342,-343
169,-26,-27
170,11,442
171,236,-178
172,157,162
173,504,-177
174,-172,-397
175,-405,127
176,-316,-405
177,-294,-587
178,569,480
179,122,179
180,-72,197
181,-257,-392
182,40,-349
183,-330,319
184,-182,194
185,499,124
186,-168,-492
187,40,470
188,-222,519
189,357,-498
190,291,253
191,569,450
192,-71,78
193,388,505
194,-173,221
195,585,331
196,461,-90
197,-208,112
198,-107,-54
199,-7,-212
200,-443,427
201,-434,359
202,-192,-407
203,-366,117
204,573,582
205,215,-197
206,292,77
207,-533,-513
208,-384,-600
209,558,-461
210,17,-468
211,-423,209
212,-221,307
213,57,-151
214,-15,-138
215,389,531
216,-479,-584
217,-274,-283
218,208,-98
219,-482,109
220,-556,-287
221,-183,-45
222,501,-275
223,-86,-387
224,-527,-92
225,-269,516
226,87,56
227,427,561
228,-1,475
229,-276,391
230,116,122
231,-324,-65
232,-449,354
233,-342,-277
234,416,268
235,591,87
236,-291,202
237,479,19
238,-128,-140
239,213,245
240,564,66
241,-339,-246
242,169,-421
243,-535,219
244,-430,-127
245,-67,530
246,-162,234
247,-374,-159
248,-205,127
249,-517,436
250,92,-108
251,543,369
252,-248,480
253,-561,39
254,-428,-342
255,-84,129
256,-78,238
257,-484,-417
258,539,-439
259,-58,238
260,489,493
261,-154,-185
262,-69,-160
263,137,-137
264,-205,110
265,-206,-275
266,514,149
267,493,589
268,41,-387
269,-232,-552
270,475,-468
271,398,185
272,589,-228
273,-122,231
274,49,81
275,87,-519
276,-514,-376
277,-585,221
278,-438,-87
279,-251,80
280,515,-420
281,142,59
282,-108,322
283,-473,-36
284,-51,-148
285,-130,387
286,137,-377
287,-447,-41
288,-250,570
289,-252,-419
290,36,417
291,-422,462
292,171,293
293,426,415
294,-537,-572
295,-229,-504
296,392,-580
297,134,525
298,469,-535
299,2,587